session_id,composite_id,title,speakers,time,date,day_date,location,viewing_rooms,attended,recommended,exclusive,badges,has_files,has_replay,has_speaker,on_agenda,wrapper_state,session_url,subject_area_id,non_informative
4512649,05/10/2026-4512649,Registration and Information,,5:00 - 7:30 PM,"Sunday, May 10",05/10/2026,"Anchor, Level 0",,False,False,False,,False,False,False,False,default,/BIE27I/sessiondetails/4512649,culture_people,False
4512299,05/11/2026-4512299,Registration and Information,,7:30 AM - 6:00 PM,"Monday, May 11",05/11/2026,"Anchor, Level 0",,False,False,False,,False,False,False,True,added,/BIE27I/sessiondetails/4512299,culture_people,True
4512658,05/11/2026-4512658,Exclusive Member Lounge,,7:30 AM - 5:15 PM,"Monday, May 11",05/11/2026,"Maritime Suite 12, Level 3",,False,False,False,,False,False,False,False,default,/BIE27I/sessiondetails/4512658,culture_people,True
4512655,05/11/2026-4512655,Gartner Showcase,,7:30 AM - 5:15 PM,"Monday, May 11",05/11/2026,"Boulevard, Level 3",,False,False,False,,False,False,False,False,default,/BIE27I/sessiondetails/4512655,ai_strategy,True
4461241,05/11/2026-4461241,CDAO Circle: Conference Orientation & Welcome,Ian Bertram,8:00 - 8:30 AM,"Monday, May 11",05/11/2026,,,False,False,True,Exclusive,True,False,True,False,inactive,/BIE27I/sessiondetails/4461241,ai_strategy,True
4591317,05/11/2026-4591317,Conference Orientation,Eleanor McGrath-Williams,8:00 - 8:30 AM,"Monday, May 11",05/11/2026,"Maritime Suite 24, Level 3",,True,False,False,Attended,True,False,True,True,added,/BIE27I/sessiondetails/4591317,culture_people,True
4508150,05/11/2026-4508150,Gartner Opening Keynote: Navigate AI on Your Data & Analytics Journey to Value,"Jorg Heizenberg, Sarah James",9:30 - 10:15 AM,"Monday, May 11",05/11/2026,"Auditorium, Level 0",Remote Viewing: 1 Location,True,False,False,Attended,True,True,True,True,added,/BIE27I/sessiondetails/4508150,ai_strategy,False
4512303,05/11/2026-4512303,Exhibit Showcase Open Hours,,10:15 AM - 6:00 PM,"Monday, May 11",05/11/2026,"Exhibit Showcase, Level 0",,False,False,False,,False,False,False,False,default,/BIE27I/sessiondetails/4512303,governance,True
4511191,05/11/2026-4511191,Refreshment Break,,10:15 - 11:00 AM,"Monday, May 11",05/11/2026,"Exhibit Showcase, Level 0",,False,False,False,,False,False,False,False,default,/BIE27I/sessiondetails/4511191,culture_people,True
4458203,05/11/2026-4458203,Signature Series: The Future of AI,Leinar Ramos,11:00 - 11:30 AM,"Monday, May 11",05/11/2026,"Auditorium, Level 0",,False,False,False,,True,True,True,True,added,/BIE27I/sessiondetails/4458203,trends_ethics,False
4458192,05/11/2026-4458192,7 Practical Actions to Improve Data Governance Now,Sally Parker,11:00 - 11:30 AM,"Monday, May 11",05/11/2026,"Maritime Suite 24, Level 3",,False,False,False,,True,True,True,True,added,/BIE27I/sessiondetails/4458192,governance,False
4461284,05/11/2026-4461284,AI Agents: Quantifying the Value and Cost,Frances Karamouzis,11:00 - 11:30 AM,"Monday, May 11",05/11/2026,"Maritime Suite 26, Level 3",,False,False,False,,True,True,True,True,added,/BIE27I/sessiondetails/4461284,agentic_ai,False
4460719,05/11/2026-4460719,AI-Ready Data-Lessons Learned Become Practices to Follow,Roxane Edjlali,11:00 - 11:30 AM,"Monday, May 11",05/11/2026,"Maritime Suite 9, Level 3",,False,True,False,Recommended,True,True,True,True,added,/BIE27I/sessiondetails/4460719,data_management,False
4459889,05/11/2026-4459889,Build a Solid Foundation for Data and AI Success With Critical Data Management Technologies,Jason Medd,11:00 - 11:30 AM,"Monday, May 11",05/11/2026,"Capital Suite 9, Level 3",,False,True,False,Recommended,True,True,True,True,added,/BIE27I/sessiondetails/4459889,data_management,False
4461242,05/11/2026-4461242,CDAO Circle Leadership Exchange: Shared Lessons From CDAO Agenda Survey 2026,"Neil Chandler, Juergen Weiss",11:00 AM - 12:00 PM,"Monday, May 11",05/11/2026,,,False,False,True,Exclusive,True,False,True,False,inactive,/BIE27I/sessiondetails/4461242,ai_strategy,True
4581709,05/11/2026-4581709,Manage Geopolitical Risks and Digital Sovereignty in a Fast-Moving Government Environment,Robert Stoneman,11:00 - 11:30 AM,"Monday, May 11",05/11/2026,"Capital Suite 15, Level 3",,False,False,False,,True,True,True,False,default,/BIE27I/sessiondetails/4581709,governance,False
4459905,05/11/2026-4459905,Mastering the Power Politics of Artificial Intelligence,Frank Buytendijk,11:00 - 11:30 AM,"Monday, May 11",05/11/2026,"Capital Suite 10, Level 3",,False,False,False,,True,True,True,False,default,/BIE27I/sessiondetails/4459905,ai_strategy,False
4461266,05/11/2026-4461266,Reference Architecture for Federated Analytics,Christopher Long,11:00 - 11:20 AM,"Monday, May 11",05/11/2026,"Theater 1, Exhibit Showcase, Level 0",,True,True,False,Recommended; Attended,True,False,True,True,added,/BIE27I/sessiondetails/4461266,data_management,False
4458191,05/11/2026-4458191,The Intelligence Capabilities Framework: The D&A Foundation You Need to Drive Innovation and Resilience,Carlie Idoine,11:00 - 11:30 AM,"Monday, May 11",05/11/2026,"Maritime Suite 11, Level 3",,False,False,False,,True,True,True,True,added,/BIE27I/sessiondetails/4458191,data_management,False
4512638,05/11/2026-4512638,AWS: Data Strategy Realized in the Age of Agentic AI,Matthias Patzak,12:00 - 12:30 PM,"Monday, May 11",05/11/2026,"Maritime Suite 24, Level 3",,True,False,False,Attended,True,False,True,True,added,/BIE27I/sessiondetails/4512638,agentic_ai,False
4752905,05/11/2026-4752905,"CDAO Boardroom: The Economics of an Agentic Data Cloud, moderated by Google Cloud","Yasmeen Ahmad, Vamsi Bodepudi, Carolin Eggers",12:00 - 12:45 PM,"Monday, May 11",05/11/2026,,,False,False,True,Exclusive,False,False,True,False,inactive,/BIE27I/sessiondetails/4752905,agentic_ai,False
4723253,05/11/2026-4723253,CDAO Circle Speed Networking,,12:00 - 12:45 PM,"Monday, May 11",05/11/2026,,,False,False,True,Exclusive,False,False,False,False,inactive,/BIE27I/sessiondetails/4723253,culture_people,False
4760638,05/11/2026-4760638,Cloudera: Portability - Future-Proofing Execution & Closing the AI Gap,Christopher Royles,12:00 - 12:30 PM,"Monday, May 11",05/11/2026,"Capital Suite 9, Level 3",,False,False,False,,False,False,True,False,default,/BIE27I/sessiondetails/4760638,data_management,False
4861937,05/11/2026-4861937,Collibra: How The Weir Group Took AI Governance from Idea to Production at Scale,"Stan Christiaens, Robin Sinclair",12:00 - 12:30 PM,"Monday, May 11",05/11/2026,"Maritime Suite 26, Level 3",,False,False,False,,False,True,True,False,default,/BIE27I/sessiondetails/4861937,governance,False
4512640,05/11/2026-4512640,"Dataiku: Stop Experimenting, Start Delivering - The Blueprint for AI Success in Energy","Ahmad Hussein, Nick Jewell",12:00 - 12:30 PM,"Monday, May 11",05/11/2026,"Maritime Suite 9, Level 3",,False,False,False,,False,True,True,False,default,/BIE27I/sessiondetails/4512640,ai_strategy,False
4760491,05/11/2026-4760491,Fivetran: From Demerger to Data Powerhouse: Building Real-Time AI Platform at Magnum Ice Cream,"Sonam Mod, Dominic Orsini",12:00 - 12:30 PM,"Monday, May 11",05/11/2026,"Auditorium, Level 0",,False,False,False,,True,False,True,False,default,/BIE27I/sessiondetails/4760491,data_management,False
4512641,05/11/2026-4512641,"Qlik: Data — Garbage In, Gold Out",Ted Orme,12:00 - 12:30 PM,"Monday, May 11",05/11/2026,"Maritime Suite 11, Level 3",,False,False,False,,False,True,True,False,default,/BIE27I/sessiondetails/4512641,data_quality,False
4512642,05/11/2026-4512642,SAP: From Raw Data to Real Value - Designing a Real-Time Data Foundation for AI at ZEISS,"Javier Caycho, Andreas Krause",12:00 - 12:30 PM,"Monday, May 11",05/11/2026,"Capital Suite 15, Level 3",,False,False,False,,False,False,True,False,default,/BIE27I/sessiondetails/4512642,data_management,False
4887524,05/11/2026-4887524,SAS: From Data to Decisions — Building a Trusted and Scalable AI Foundation,"Lorenzo Ferri, Stefano Massai, David Shannon",12:00 - 12:30 PM,"Monday, May 11",05/11/2026,"Capital Suite 10, Level 3",,False,False,False,,False,False,True,False,default,/BIE27I/sessiondetails/4887524,data_management,False
4512254,05/11/2026-4512254,"Grab Lunch at Harbour 5, Docklands or the Grab 'n' Go Café in Exhibit Showcase",,12:30 - 2:30 PM,"Monday, May 11",05/11/2026,"Harbour 5, Level 0 & Docklands, Level 1",,False,False,False,,False,False,False,True,added,/BIE27I/sessiondetails/4512254,culture_people,True
4856479,05/11/2026-4856479,CDAO Circle Lunch: Building Trust and Boundaries for Autonomous AI,Chris Howard,12:45 - 1:45 PM,"Monday, May 11",05/11/2026,,,False,False,True,Exclusive,True,False,True,False,inactive,/BIE27I/sessiondetails/4856479,governance,True
4461267,05/11/2026-4461267,From Artificial to Actual Intelligence: Reimagined BI Retakes the Helm (But It's Different This Time),Kevin Quinn,12:45 - 1:15 PM,"Monday, May 11",05/11/2026,"Capital Suite 10, Level 3",,False,False,False,,True,True,True,False,default,/BIE27I/sessiondetails/4461267,analytics_bi,False
4459880,05/11/2026-4459880,How to Design the AI Organization,Pieter den Hamer,12:45 - 1:15 PM,"Monday, May 11",05/11/2026,"Maritime Suite 9, Level 3",,False,False,False,,True,True,True,True,added,/BIE27I/sessiondetails/4459880,ai_strategy,False
4458206,05/11/2026-4458206,Small but Mighty: How Lean Teams Can Prioritize Data and Analytics Initiatives,Alys Woodward,12:45 - 1:15 PM,"Monday, May 11",05/11/2026,"Maritime Suite 11, Level 3",,False,False,False,,True,True,True,False,default,/BIE27I/sessiondetails/4458206,data_management,False
4461281,05/11/2026-4461281,Welcoming AI Agents to the D&A Team: Adapting Your Operating Model in an Agentic Era,Julian Sun,12:45 - 1:15 PM,"Monday, May 11",05/11/2026,"Maritime Suite 24, Level 3",,True,False,False,Attended,True,True,True,True,added,/BIE27I/sessiondetails/4461281,agentic_ai,False
4760650,05/11/2026-4760650,Accton: The CDO’s Counterintuitive AI Playbook — Go Back to Go Forward,"Gennadii Armashula, Anna Ovchynnikova",1:10 - 1:30 PM,"Monday, May 11",05/11/2026,"Theater 1, Exhibit Showcase, Level 0",,False,False,False,,False,False,True,False,default,/BIE27I/sessiondetails/4760650,data_quality,False
4760640,05/11/2026-4760640,"Atlan: The Enterprise Context Layer, Demystified and Demo'd","Andrew Ermogenous, Milan Kutmutia, Tom Linton",1:10 - 1:30 PM,"Monday, May 11",05/11/2026,"Theater 2, Exhibit Showcase, Level 0",,False,False,False,,False,False,True,True,added,/BIE27I/sessiondetails/4760640,data_management,False
4760654,05/11/2026-4760654,Huwise: Trusted Data Products for Humans & AI — Inside Workday’s Data Product Marketplace,"Franck Carassus, Farhad Choudhury",1:10 - 1:30 PM,"Monday, May 11",05/11/2026,"Theater 3, Exhibit Showcase, Level 0",,False,False,False,,False,False,True,False,default,/BIE27I/sessiondetails/4760654,data_management,False
4461278,05/11/2026-4461278,10 Steps to Build a Data Fabric Architecture for Data Management and AI Use Cases,Ramke Ramakrishnan,1:30 - 2:00 PM,"Monday, May 11",05/11/2026,"Maritime Suite 26, Level 3",,False,False,False,,True,True,True,False,default,/BIE27I/sessiondetails/4461278,data_management,False
4458202,05/11/2026-4458202,From AI Agents to Multiagent Systems: Get Value through Decision Intelligence,Erick Brethenoux,1:30 - 2:00 PM,"Monday, May 11",05/11/2026,"Maritime Suite 9, Level 3",,False,False,False,,True,True,True,True,added,/BIE27I/sessiondetails/4458202,agentic_ai,False
4461282,05/11/2026-4461282,Scale Analytics Delivery by Establishing a Franchise Model,Andrés García-Rodeja,1:30 - 2:00 PM,"Monday, May 11",05/11/2026,"Maritime Suite 24, Level 3",,False,False,False,,True,True,True,False,default,/BIE27I/sessiondetails/4461282,analytics_bi,False
4760664,05/11/2026-4760664,Airia: AI Sprawl: The Hidden Risk Threatening Your Enterprise Now (And How to Stop It),Dave Horton,1:35 - 1:55 PM,"Monday, May 11",05/11/2026,"Theater 3, Exhibit Showcase, Level 0",,False,False,False,,False,False,True,False,default,/BIE27I/sessiondetails/4760664,governance,False
4760659,05/11/2026-4760659,BigID: Connect the Dots in Data & AI — A Practical Approach to Enterprise AI Governance,Paolo Fornoni,1:35 - 1:55 PM,"Monday, May 11",05/11/2026,"Theater 1, Exhibit Showcase, Level 0",,False,False,False,,False,False,True,False,default,/BIE27I/sessiondetails/4760659,governance,False
4760655,05/11/2026-4760655,Power BI Sentinel: Managing Risk and Trust with Power BI and Microsoft Fabric,Alex Whittles,1:35 - 1:55 PM,"Monday, May 11",05/11/2026,"Theater 2, Exhibit Showcase, Level 0",,False,False,False,,False,False,True,False,default,/BIE27I/sessiondetails/4760655,governance,False
4760665,05/11/2026-4760665,IBM: Empower Trusted Agentic AI With Real-Time Context,Rob Jackson-Jones,2:00 - 2:20 PM,"Monday, May 11",05/11/2026,"Theater 3, Exhibit Showcase, Level 0",,False,False,False,,False,False,True,True,added,/BIE27I/sessiondetails/4760665,agentic_ai,False
4760661,05/11/2026-4760661,Profisee: How Data Leaders USE MDM TO ENABLE AI,"Raj Boora, Christina Finlay, Malcolm Hawker, Kirit Solanki",2:00 - 2:20 PM,"Monday, May 11",05/11/2026,"Theater 1, Exhibit Showcase, Level 0",,False,False,False,,True,False,True,False,default,/BIE27I/sessiondetails/4760661,data_quality,False
4760662,05/11/2026-4760662,Safe Software Inc: MCP — Connecting AI to the Data It Can't Reach,Don Murray,2:00 - 2:20 PM,"Monday, May 11",05/11/2026,"Theater 2, Exhibit Showcase, Level 0",,False,False,False,,False,False,True,False,default,/BIE27I/sessiondetails/4760662,data_management,False
4458205,05/11/2026-4458205,"A Practical Guide to Measure the Cost, Risk and Value of GenAI",Frances Karamouzis,2:30 - 3:00 PM,"Monday, May 11",05/11/2026,"Auditorium, Level 0",,True,True,False,Recommended; Attended,True,True,True,True,added,/BIE27I/sessiondetails/4458205,generative_ai,False
4458204,05/11/2026-4458204,AI-First D&A in the Spotlight,Rita Sallam,2:30 - 3:00 PM,"Monday, May 11",05/11/2026,"Maritime Suite 26, Level 3",,False,False,False,,True,True,True,True,added,/BIE27I/sessiondetails/4458204,ai_strategy,False
4461271,05/11/2026-4461271,CDAO Circle Leadership Exchange: How Ready Is My Organization for AI Agents?,"Sumit Agarwal, Kjell Carlsson, Afraz Jaffri, Svetlana Sicular",2:30 - 4:00 PM,"Monday, May 11",05/11/2026,,,False,False,True,Exclusive,True,False,True,False,inactive,/BIE27I/sessiondetails/4461271,ai_strategy,False
4723079,05/11/2026-4723079,CDAO Circle Peer Meetup: Attracting and Retaining Critical D&A Talent,,2:30 - 3:15 PM,"Monday, May 11",05/11/2026,,,False,False,True,Exclusive,False,False,False,False,inactive,/BIE27I/sessiondetails/4723079,culture_people,False
4459883,05/11/2026-4459883,Crossroads Debate: Will AI Kill BI?,"Carlie Idoine, Julian Sun",2:30 - 3:00 PM,"Monday, May 11",05/11/2026,"Maritime Suite 9, Level 3",,False,False,False,,True,True,True,False,default,/BIE27I/sessiondetails/4459883,analytics_bi,False
4458209,05/11/2026-4458209,D&A Negotiation Cheat Sheet: 10 Powerful Tips & Techniques to Optimize Your Vendor Deals,Jo Ann Rosenberger,2:30 - 3:00 PM,"Monday, May 11",05/11/2026,"Capital Suite 15, Level 3",,False,False,False,,True,True,True,False,default,/BIE27I/sessiondetails/4458209,ai_strategy,False
4512644,05/11/2026-4512644,Executive Story: Leading AI Transformation: From Words to Action,Moh Al Ghadban,2:30 - 3:00 PM,"Monday, May 11",05/11/2026,"Capital Suite 10, Level 3",,False,False,False,,True,True,True,True,added,/BIE27I/sessiondetails/4512644,ai_strategy,False
4458196,05/11/2026-4458196,From Silos to Synergy: How the Data Management Market Is Evolving Into Converged Platforms,Robert Thanaraj,2:30 - 3:00 PM,"Monday, May 11",05/11/2026,"Capital Suite 9, Level 3",,False,False,False,,True,True,True,False,default,/BIE27I/sessiondetails/4458196,data_management,False
4458210,05/11/2026-4458210,Trust as the New Currency: A Paradigm Shift in Governance,Guido De Simoni,2:30 - 3:00 PM,"Monday, May 11",05/11/2026,"Maritime Suite 11, Level 3",,False,True,False,Recommended,True,True,True,False,default,/BIE27I/sessiondetails/4458210,governance,False
4458756,05/11/2026-4458756,What Keeps Data Management Leaders Up at Night in 2026?,Thomas Oestreich,2:30 - 3:00 PM,"Monday, May 11",05/11/2026,"Maritime Suite 24, Level 3",,False,False,False,,True,True,True,False,default,/BIE27I/sessiondetails/4458756,data_management,False
4760485,05/11/2026-4760485,Ab Initio: Enabling the Future of Agentic AI with Google,"Vamsi Bodepudi, Stephen Brobst",3:30 - 4:00 PM,"Monday, May 11",05/11/2026,"Capital Suite 9, Level 3",,False,False,False,,False,False,True,False,default,/BIE27I/sessiondetails/4760485,agentic_ai,False
4760487,05/11/2026-4760487,Actian: Why Data Governance Fails — And How Sanoma Made It Work,"Niko Kotiniemi, Ole Olesen-Bagneux",3:30 - 4:00 PM,"Monday, May 11",05/11/2026,"Capital Suite 10, Level 3",,False,False,False,,True,False,True,False,default,/BIE27I/sessiondetails/4760487,governance,False
4760639,05/11/2026-4760639,Google Cloud: Agentic AI Era with Brighton and Hove Football Club,"Yasmeen Ahmad, Mark Loch, Andrea Vasco",3:30 - 4:00 PM,"Monday, May 11",05/11/2026,"Auditorium, Level 0",,False,False,False,,True,False,True,False,default,/BIE27I/sessiondetails/4760639,agentic_ai,False
4828747,05/11/2026-4828747,Informatica: Transforming Data from Liability to Strategic Asset through Trusted Context,"Steve Holyer, Deborah Yates",3:30 - 4:00 PM,"Monday, May 11",05/11/2026,"Maritime Suite 11, Level 3",,False,False,False,,False,False,True,True,added,/BIE27I/sessiondetails/4828747,governance,False
4760488,05/11/2026-4760488,Neo4j: How Context Graphs Power the Next Generation of Autonomous Agents,Jim Webber,3:30 - 4:00 PM,"Monday, May 11",05/11/2026,"Maritime Suite 26, Level 3",,True,False,False,Attended,False,True,True,True,added,/BIE27I/sessiondetails/4760488,agentic_ai,False
4760486,05/11/2026-4760486,Oracle: Enterprise AI in Action - Lessons from Oracle Red Bull Racing,"Brendan Doyle, Jack Harington",3:30 - 4:00 PM,"Monday, May 11",05/11/2026,"Capital Suite 15, Level 3",,False,False,False,,False,False,True,False,default,/BIE27I/sessiondetails/4760486,ai_strategy,False
4792673,05/11/2026-4792673,Zoho: Transformative Power of Agentic Analytics,Ashwinth Solomon,3:30 - 4:00 PM,"Monday, May 11",05/11/2026,"Maritime Suite 24, Level 3",,True,False,False,Attended,True,False,True,True,added,/BIE27I/sessiondetails/4792673,agentic_ai,False
4512674,05/11/2026-4512674,Exclusive Afternoon Networking with Peers,,4:00 - 5:00 PM,"Monday, May 11",05/11/2026,"Maritime Suite 12, Level 3",,False,False,False,,False,False,False,False,default,/BIE27I/sessiondetails/4512674,governance,True
4511192,05/11/2026-4511192,Refreshment Break,,4:00 - 4:30 PM,"Monday, May 11",05/11/2026,"Exhibit Showcase, Level 0",,False,False,False,,False,False,False,False,default,/BIE27I/sessiondetails/4511192,culture_people,True
4760642,05/11/2026-4760642,Immuta: 90% Faster Data Access in a Regulated Enterprise — How Aviva Rewired Governance,"Andy Mcphee, Colin Mitchell",4:05 - 4:25 PM,"Monday, May 11",05/11/2026,"Theater 1, Exhibit Showcase, Level 0",,False,False,False,,False,False,True,False,default,/BIE27I/sessiondetails/4760642,governance,False
4760643,05/11/2026-4760643,Metric Insights: The End of the Prototype — An AI for BI Playbook That Actually Works,Marius Moscovici,4:05 - 4:25 PM,"Monday, May 11",05/11/2026,"Theater 2, Exhibit Showcase, Level 0",,False,False,False,,False,False,True,False,default,/BIE27I/sessiondetails/4760643,analytics_bi,False
4760644,05/11/2026-4760644,"Soda: Data Trust, by Design — Making Data Contracts the Default at HelloFresh",Maria Elena Chiappe,4:05 - 4:25 PM,"Monday, May 11",05/11/2026,"Theater 3, Exhibit Showcase, Level 0",,False,False,False,,False,False,True,False,default,/BIE27I/sessiondetails/4760644,data_quality,False
4458194,05/11/2026-4458194,Signature Series: State of D&A 2026,Nate Novosel,4:30 - 5:00 PM,"Monday, May 11",05/11/2026,"Auditorium, Level 0",,True,False,False,Attended,True,True,True,True,added,/BIE27I/sessiondetails/4458194,trends_ethics,False
4460711,05/11/2026-4460711,7 Ways to Fix RAG and Ensure AI Success,Raúl Arrabales,4:30 - 5:00 PM,"Monday, May 11",05/11/2026,"Capital Suite 15, Level 3",,False,False,False,,True,True,True,True,added,/BIE27I/sessiondetails/4460711,data_quality,False
4458195,05/11/2026-4458195,Accelerating First-Year Success as a CDAO: Strategies for Executive and Functional Leadership Impact,Alan D. Duncan,4:30 - 5:00 PM,"Monday, May 11",05/11/2026,"Capital Suite 10, Level 3",,False,False,False,,True,True,True,False,default,/BIE27I/sessiondetails/4458195,ai_strategy,False
4459885,05/11/2026-4459885,Activating AI Agents in Analytics and BI Platforms,Diarmuid Curran,4:30 - 5:00 PM,"Monday, May 11",05/11/2026,"Maritime Suite 24, Level 3",,False,False,False,,True,True,True,False,default,/BIE27I/sessiondetails/4459885,agentic_ai,False
4459879,05/11/2026-4459879,Advance Your AI Strategy For Success in an Era of Constant Change,Pieter den Hamer,4:30 - 5:00 PM,"Monday, May 11",05/11/2026,"Maritime Suite 9, Level 3",,False,False,False,,True,True,True,False,default,/BIE27I/sessiondetails/4459879,ai_strategy,False
4461272,05/11/2026-4461272,CDAO Circle Leadership Exchange: Let's Talk About what Does Ownership of AI Mean and How Does it Affect Me?,"Sarah James, Søren Krohn",4:30 - 5:30 PM,"Monday, May 11",05/11/2026,,,False,False,True,Exclusive,False,False,True,False,inactive,/BIE27I/sessiondetails/4461272,ai_strategy,False
4723105,05/11/2026-4723105,CDAO Circle Peer Meetup: Leading with Value - Making Analytics Work for Business Leaders,,4:30 - 5:15 PM,"Monday, May 11",05/11/2026,,,False,False,True,Exclusive,False,False,False,False,inactive,/BIE27I/sessiondetails/4723105,ai_value,False
4461268,05/11/2026-4461268,"CDAO Circle Roundtable: Agentic in Practice: Lessons in Scoping, Funding & Assessing Impact From Agentic Investments (Multi-group)","Roxane Edjlali, Brian Foster, Ehtisham Zaidi",4:30 - 5:15 PM,"Monday, May 11",05/11/2026,,,False,False,True,Exclusive,True,False,True,False,inactive,/BIE27I/sessiondetails/4461268,governance,False
4458201,05/11/2026-4458201,Crossroads Debate: Data and Analytics Governance Versus AI Governance,"Lauren Kornutick, Anurag Raj",4:30 - 5:00 PM,"Monday, May 11",05/11/2026,"Maritime Suite 26, Level 3",,False,True,False,Recommended,True,True,True,True,added,/BIE27I/sessiondetails/4458201,governance,False
4458759,05/11/2026-4458759,"Data Lake, Lakehouse, Warehouse: How to Choose?",Prasad Pore,4:30 - 5:00 PM,"Monday, May 11",05/11/2026,"Capital Suite 9, Level 3",,False,False,False,,True,True,True,False,default,/BIE27I/sessiondetails/4458759,data_management,False
4458758,05/11/2026-4458758,Using Active Metadata to Support Data Agents for AI,Mark Beyer,4:30 - 5:00 PM,"Monday, May 11",05/11/2026,"Maritime Suite 11, Level 3",,False,True,False,Recommended,True,True,True,True,added,/BIE27I/sessiondetails/4458758,data_management,False
4512308,05/11/2026-4512308,Exhibit Showcase Networking Reception,,5:00 - 6:00 PM,"Monday, May 11",05/11/2026,"Exhibit Showcase, Level 0",,False,False,False,,False,False,False,False,default,/BIE27I/sessiondetails/4512308,culture_people,True
4964790,05/11/2026-4964790,DQLabs: Prizm - The AI-Native Platform for AI-Ready Data,,5:10 - 5:30 PM,"Monday, May 11",05/11/2026,"Theater 1, Exhibit Showcase, Level 0",,False,False,False,,False,False,False,False,default,/BIE27I/sessiondetails/4964790,data_quality,False
4760673,05/11/2026-4760673,"SAP: Stop Chasing Your SAP Data, Let the Data and Insights Come to You as a Service",Stijn Debever,5:10 - 5:30 PM,"Monday, May 11",05/11/2026,"Theater 2, Exhibit Showcase, Level 0",,False,False,False,,False,False,True,False,default,/BIE27I/sessiondetails/4760673,data_management,False
4760645,05/11/2026-4760645,SnapLogic: From AI Pilot to £300M Growth at Cambridge & Counties Bank,Dominic Wellington,5:10 - 5:30 PM,"Monday, May 11",05/11/2026,"Theater 3, Exhibit Showcase, Level 0",,True,False,False,Attended,False,False,True,True,added,/BIE27I/sessiondetails/4760645,ai_strategy,False
4760648,05/11/2026-4760648,Promethium: Wire Your Agentic Enterprise with AI-Ready Data for Trusted Insights,Prat Moghe,5:35 - 5:55 PM,"Monday, May 11",05/11/2026,"Theater 2, Exhibit Showcase, Level 0",,False,False,False,,False,False,True,False,default,/BIE27I/sessiondetails/4760648,agentic_ai,False
4760647,05/11/2026-4760647,Reltio: From Chaos to Control — Agentic Data Governance with Reltio AgentFlow,Chris Lowe,5:35 - 5:55 PM,"Monday, May 11",05/11/2026,"Theater 1, Exhibit Showcase, Level 0",,True,False,False,Attended,True,False,True,True,added,/BIE27I/sessiondetails/4760647,governance,False
4760649,05/11/2026-4760649,"Witboost: No Control Plane, No Scale - The Reality for Data and AI Products",Paolo Platter,5:35 - 5:55 PM,"Monday, May 11",05/11/2026,"Theater 3, Exhibit Showcase, Level 0",,False,False,False,,True,False,True,False,default,/BIE27I/sessiondetails/4760649,data_management,False
4512300,05/12/2026-4512300,Registration and Information,,8:00 AM - 7:00 PM,"Tuesday, May 12",05/12/2026,"Anchor, Level 0",,False,False,False,,False,False,False,False,default,/BIE27I/sessiondetails/4512300,culture_people,True
4512659,05/12/2026-4512659,Exclusive Member Lounge,,8:00 AM - 6:15 PM,"Tuesday, May 12",05/12/2026,"Maritime Suite 12, Level 3",,False,False,False,,False,False,False,True,added,/BIE27I/sessiondetails/4512659,culture_people,True
4512304,05/12/2026-4512304,Exhibit Showcase Open Hours,,8:00 AM - 7:00 PM,"Tuesday, May 12",05/12/2026,"Exhibit Showcase, Level 0",,False,False,False,,False,False,False,False,default,/BIE27I/sessiondetails/4512304,governance,True
4512656,05/12/2026-4512656,Gartner Showcase,,8:00 AM - 6:15 PM,"Tuesday, May 12",05/12/2026,"Boulevard, Level 3",,False,False,False,,False,False,False,False,default,/BIE27I/sessiondetails/4512656,ai_strategy,True
4502917,05/12/2026-4502917,Gartner Keynote: Beyond AI,Chris Howard,9:00 - 9:45 AM,"Tuesday, May 12",05/12/2026,"Auditorium, Level 0",Remote Viewing: 1 Location,True,False,False,Attended,True,True,True,True,added,/BIE27I/sessiondetails/4502917,ai_strategy,False
4512675,05/12/2026-4512675,Exclusive Member Networking Break,,9:45 - 10:30 AM,"Tuesday, May 12",05/12/2026,"Maritime Suite 12, Level 3",,False,False,False,,False,False,False,False,default,/BIE27I/sessiondetails/4512675,culture_people,True
4511189,05/12/2026-4511189,Refreshment Break,,9:45 - 10:30 AM,"Tuesday, May 12",05/12/2026,"Exhibit Showcase, Level 0",,False,False,False,,False,False,False,False,default,/BIE27I/sessiondetails/4511189,culture_people,True
4760653,05/12/2026-4760653,Actian: Why AI Fails Without Data Products and Data Contracts,"Jennifer Jackson, Emma Mcgrattan",10:00 - 10:20 AM,"Tuesday, May 12",05/12/2026,"Theater 1, Exhibit Showcase, Level 0",,True,False,False,Attended,True,False,True,True,added,/BIE27I/sessiondetails/4760653,governance,False
4760651,05/12/2026-4760651,Anomalo: Beyond Data Quality: Operationalising Observability from Signal to Action,"Matthew Callender, Fergus Moroney",10:00 - 10:20 AM,"Tuesday, May 12",05/12/2026,"Theater 3, Exhibit Showcase, Level 0",,False,False,False,,False,False,True,False,default,/BIE27I/sessiondetails/4760651,data_quality,False
4760652,05/12/2026-4760652,Cloudera: Build an AI Agent in 10 Minutes with Cloudera Agent Studio,,10:00 - 10:20 AM,"Tuesday, May 12",05/12/2026,"Theater 2, Exhibit Showcase, Level 0",,False,False,False,,False,False,False,False,default,/BIE27I/sessiondetails/4760652,agentic_ai,False
4458765,05/12/2026-4458765,Signature Series: Top Trends in Data and Analytics for 2026,Robert Thanaraj,10:30 - 11:00 AM,"Tuesday, May 12",05/12/2026,"Auditorium, Level 0",,False,False,False,,True,True,True,True,added,/BIE27I/sessiondetails/4458765,trends_ethics,False
4461253,05/12/2026-4461253,AI Governance: How to Design an Effective AI Governance Operating Model,Svetlana Sicular,10:30 - 11:00 AM,"Tuesday, May 12",05/12/2026,"Maritime Suite 26, Level 3",,False,True,False,Recommended,True,True,True,True,added,/BIE27I/sessiondetails/4461253,governance,False
4458770,05/12/2026-4458770,Best Practices for Implementing and Maintaining a Data Catalog,Jason Medd,10:30 - 11:00 AM,"Tuesday, May 12",05/12/2026,"Maritime Suite 9, Level 3",,False,False,False,,True,True,True,True,added,/BIE27I/sessiondetails/4458770,data_quality,False
4461273,05/12/2026-4461273,"CDAO Circle Leadership Exchange: The Evolving CDAO — Archetypes, AI Ambitions and Growth Paths","Ian Bertram, Erick Brethenoux, Sarah James, Nate Novosel",10:30 - 11:30 AM,"Tuesday, May 12",05/12/2026,,,False,False,True,Exclusive,True,False,True,False,inactive,/BIE27I/sessiondetails/4461273,ai_strategy,False
4458767,05/12/2026-4458767,Data Management Value Streams: Connect the Cloud Cost of Data Production to Business Value,Thomas Oestreich,10:30 - 11:00 AM,"Tuesday, May 12",05/12/2026,"Capital Suite 15, Level 3",,False,False,False,,True,True,True,False,default,/BIE27I/sessiondetails/4458767,data_management,False
4458762,05/12/2026-4458762,Foundations of D&A Strategy: Shortcuts for CDAOs,Alan D. Duncan,10:30 - 11:00 AM,"Tuesday, May 12",05/12/2026,"Capital Suite 9, Level 3",,False,False,False,,True,True,True,True,added,/BIE27I/sessiondetails/4458762,ai_strategy,False
4458766,05/12/2026-4458766,Managing the Relationship Between Business Intelligence and Decision Intelligence,Kevin Quinn,10:30 - 11:00 AM,"Tuesday, May 12",05/12/2026,"Maritime Suite 11, Level 3",,False,False,False,,True,True,True,True,added,/BIE27I/sessiondetails/4458766,analytics_bi,False
4461280,05/12/2026-4461280,Reference Architecture Brief: D&A Governance,Lydia Ferguson,10:30 - 10:50 AM,"Tuesday, May 12",05/12/2026,"Theater 1, Exhibit Showcase, Level 0",,False,False,False,,True,False,True,True,added,/BIE27I/sessiondetails/4461280,governance,False
4460720,05/12/2026-4460720,The Evolution of Data Engineering for AI,Roxane Edjlali,10:30 - 11:00 AM,"Tuesday, May 12",05/12/2026,"Maritime Suite 24, Level 3",,False,False,False,,True,True,True,False,default,/BIE27I/sessiondetails/4460720,data_management,False
4458763,05/12/2026-4458763,The Future of D&A Governance,Anurag Raj,10:30 - 11:00 AM,"Tuesday, May 12",05/12/2026,"Capital Suite 10, Level 3",,False,True,False,Recommended,True,True,True,True,added,/BIE27I/sessiondetails/4458763,governance,False
4752908,05/12/2026-4752908,"CDAO Boardroom: From Data to Intelligence Architecture - Context Graphs for AI Agents, Moderated by Neo4J",Jesús Barrasa,11:30 AM - 12:15 PM,"Tuesday, May 12",05/12/2026,,,False,False,True,Exclusive,False,False,True,False,inactive,/BIE27I/sessiondetails/4752908,agentic_ai,False
4760493,05/12/2026-4760493,"Cyera: How Data, AI and Security Converge to Transform the Modern Enterprise",,11:30 AM - 12:00 PM,"Tuesday, May 12",05/12/2026,"Maritime Suite 11, Level 3",,False,False,False,,False,True,False,False,default,/BIE27I/sessiondetails/4760493,ai_strategy,False
4935074,05/12/2026-4935074,Experian: Building a High‑Integrity Data Ecosystem — Lessons from Rathbones,,11:30 AM - 12:00 PM,"Tuesday, May 12",05/12/2026,"Capital Suite 10, Level 3",,False,False,False,,False,True,False,False,default,/BIE27I/sessiondetails/4935074,data_quality,False
4760490,05/12/2026-4760490,IBM: Powering the Agentic Enterprise: What AI Leaders Do Differently,"Bruno Aziza, Rodney Rapson",11:30 AM - 12:00 PM,"Tuesday, May 12",05/12/2026,"Maritime Suite 24, Level 3",,True,False,False,Attended,False,False,True,True,added,/BIE27I/sessiondetails/4760490,agentic_ai,False
4760489,05/12/2026-4760489,Microsoft: Unifying Your Data Estate for the AI Era with Microsoft Fabric,Mohammad Ali,11:30 AM - 12:00 PM,"Tuesday, May 12",05/12/2026,"Auditorium, Level 0",,False,False,False,,False,False,True,False,default,/BIE27I/sessiondetails/4760489,data_management,False
4760492,05/12/2026-4760492,Precisely: A Practical Path to Agentic AI - Closing the Data Integrity Gap at Entain,"Paul Bell, Andy Bell",11:30 AM - 12:00 PM,"Tuesday, May 12",05/12/2026,"Maritime Suite 26, Level 3",,False,False,False,,False,True,True,False,default,/BIE27I/sessiondetails/4760492,agentic_ai,False
4512637,05/12/2026-4512637,Pyramid Analytics: Congstar Drives Record Results with Analytics & AI,Susanne Wessel-Therhorn,11:30 AM - 12:00 PM,"Tuesday, May 12",05/12/2026,"Maritime Suite 9, Level 3",,False,False,False,,False,True,True,False,default,/BIE27I/sessiondetails/4512637,analytics_bi,False
4760494,05/12/2026-4760494,Semarchy: How Dentsu Scaled Global Growth with a Unified MDM Strategy,Anish Raivadera,11:30 AM - 12:00 PM,"Tuesday, May 12",05/12/2026,"Capital Suite 15, Level 3",,False,False,False,,False,True,True,False,default,/BIE27I/sessiondetails/4760494,data_quality,False
4760495,05/12/2026-4760495,Strategy: The AI Cocktail: How Diageo Mixes Data Governance & AI for Iconic Brands,"Elod Fejer, Marian David Plum",11:30 AM - 12:00 PM,"Tuesday, May 12",05/12/2026,"Capital Suite 9, Level 3",,False,False,False,,False,True,True,False,default,/BIE27I/sessiondetails/4760495,governance,False
4512255,05/12/2026-4512255,"Grab Lunch at Harbour 5, Docklands or the Grab 'n' Go Café in Exhibit Showcase",,12:00 - 2:00 PM,"Tuesday, May 12",05/12/2026,"Harbour 5, Level 0 & Docklands, Level 1",,False,False,False,,False,False,False,False,default,/BIE27I/sessiondetails/4512255,culture_people,True
4760996,05/12/2026-4760996,CDAO Circle Lunch: The AI Sovereignty Dilemma: Control Versus Innovation,Daryl Plummer,12:15 - 1:15 PM,"Tuesday, May 12",05/12/2026,,,False,False,True,Exclusive,False,False,True,False,inactive,/BIE27I/sessiondetails/4760996,ai_strategy,True
4723128,05/12/2026-4723128,CDAO Circle Peer Meetup: Measure Impact - Maximize Analytics Success,,12:15 - 1:00 PM,"Tuesday, May 12",05/12/2026,,,False,False,True,Exclusive,False,False,False,False,inactive,/BIE27I/sessiondetails/4723128,analytics_bi,False
4512647,05/12/2026-4512647,Executive Story: Building the AI Infrastructure and Adoption Engine for the Next Decade,Pål Grønsund,12:15 - 12:45 PM,"Tuesday, May 12",05/12/2026,"Capital Suite 10, Level 3",,False,False,False,,True,True,True,False,default,/BIE27I/sessiondetails/4512647,ai_strategy,False
4461283,05/12/2026-4461283,How is Agentic AI Impacting and Disrupting Your Data Management Discipline and Technology NOW?,Ramke Ramakrishnan,12:15 - 12:45 PM,"Tuesday, May 12",05/12/2026,"Maritime Suite 26, Level 3",,False,True,False,Recommended,True,True,True,False,default,/BIE27I/sessiondetails/4461283,agentic_ai,False
4461244,05/12/2026-4461244,How to Explain AI and ML Models to Your Stakeholders,Wilco van Ginkel,12:15 - 12:45 PM,"Tuesday, May 12",05/12/2026,"Maritime Suite 9, Level 3",,False,False,False,,True,True,True,False,default,/BIE27I/sessiondetails/4461244,ai_value,False
4458769,05/12/2026-4458769,How to Govern Self-Service Analytics,Christopher Long,12:15 - 12:45 PM,"Tuesday, May 12",05/12/2026,"Auditorium, Level 0",,False,False,False,,True,True,True,False,default,/BIE27I/sessiondetails/4458769,governance,False
4458772,05/12/2026-4458772,Value Is Trapped: Unlocking AI ROI Through Organizational Change,Frances Karamouzis,12:15 - 12:45 PM,"Tuesday, May 12",05/12/2026,"Maritime Suite 24, Level 3",,False,False,False,,True,True,True,False,default,/BIE27I/sessiondetails/4458772,ai_value,False
4828763,05/12/2026-4828763,Collibra: From Stalled POC to Production AI at Deasy Labs,Kirk Halsbeck,12:40 - 1:00 PM,"Tuesday, May 12",05/12/2026,"Theater 3, Exhibit Showcase, Level 0",,False,False,False,,False,False,True,False,default,/BIE27I/sessiondetails/4828763,data_quality,False
4862273,05/12/2026-4862273,DataGalaxy: Building Data Foundations for Scalable AI: The Sage & DataGalaxy Journey in Practices,Tafadzwa Saburi,12:40 - 1:00 PM,"Tuesday, May 12",05/12/2026,"Theater 2, Exhibit Showcase, Level 0",,False,False,False,,False,False,True,False,default,/BIE27I/sessiondetails/4862273,governance,False
4958069,05/12/2026-4958069,Solidatus: From Technical Complexity to Business Clarity — Delivering AI-Ready Data Value,"Philip Dutton, Nina Tjarks",12:40 - 1:00 PM,"Tuesday, May 12",05/12/2026,"Theater 1, Exhibit Showcase, Level 0",,True,False,False,Attended,False,False,True,True,added,/BIE27I/sessiondetails/4958069,data_management,False
4760547,05/12/2026-4760547,Alation: Unlocking AI with Metadata and Governance,"Robin Rietveldt, Satyen Sangani",1:00 - 1:30 PM,"Tuesday, May 12",05/12/2026,"Maritime Suite 11, Level 3",,False,False,False,,False,False,True,False,default,/BIE27I/sessiondetails/4760547,governance,False
4760767,05/12/2026-4760767,Gurobi: Optimisation in the AI Decision Workflow with British Airways,"Dr. Anna Collins, Kenny Groszman",1:00 - 1:30 PM,"Tuesday, May 12",05/12/2026,"Capital Suite 9, Level 3",,False,False,False,,False,True,True,False,default,/BIE27I/sessiondetails/4760767,analytics_bi,False
4760586,05/12/2026-4760586,OneTrust: Go from ‘Legal said No’ to ‘Let’s Go’ ​,Ryan Karlin,1:00 - 1:30 PM,"Tuesday, May 12",05/12/2026,"Capital Suite 10, Level 3",,False,False,False,,False,False,True,False,default,/BIE27I/sessiondetails/4760586,governance,False
4760568,05/12/2026-4760568,Reltio: How Radisson Turns Trusted Data Into AI Impact to Build Smart Hospitality,"Nouman Ali, Chris Lowe",1:00 - 1:30 PM,"Tuesday, May 12",05/12/2026,"Capital Suite 15, Level 3",,False,False,False,,True,False,True,False,default,/BIE27I/sessiondetails/4760568,data_management,False
4792914,05/12/2026-4792914,E6data : The Hidden Strategic Leverage in Modern Data & AI Architectures,Vignesh Ganesan,1:05 - 1:25 PM,"Tuesday, May 12",05/12/2026,"Theater 2, Exhibit Showcase, Level 0",,False,False,False,,True,False,True,False,default,/BIE27I/sessiondetails/4792914,data_management,False
4760660,05/12/2026-4760660,Neo4J: Is your AI brain dead? Neo4j provides the knowledge layer for Enterprise AI,Jesús Barrasa,1:05 - 1:25 PM,"Tuesday, May 12",05/12/2026,"Theater 3, Exhibit Showcase, Level 0",,False,False,False,,False,False,True,False,default,/BIE27I/sessiondetails/4760660,data_management,False
4760658,05/12/2026-4760658,"Ververica: 14H Blind — Real-Time AI and Compliance, and the Batch Gap That Costs Millions",Jaime López,1:05 - 1:25 PM,"Tuesday, May 12",05/12/2026,"Theater 1, Exhibit Showcase, Level 0",,False,False,False,,False,False,True,False,default,/BIE27I/sessiondetails/4760658,governance,False
4954453,05/12/2026-4954453,AWS: From Prompt to Pipeline: Agentic Data Engineering with AWS Analytics MCP Servers,Kamen Sharlandjiev,1:30 - 1:50 PM,"Tuesday, May 12",05/12/2026,"Theater 3, Exhibit Showcase, Level 0",,False,False,False,,False,False,True,False,default,/BIE27I/sessiondetails/4954453,agentic_ai,False
4955932,05/12/2026-4955932,Ab Initio: Building the Semantic Foundation — AI-Ready Data Your Agents Can Actually Use,Mark Taylor,1:30 - 1:50 PM,"Tuesday, May 12",05/12/2026,"Theater 2, Exhibit Showcase, Level 0",,True,False,False,Attended,False,False,True,True,added,/BIE27I/sessiondetails/4955932,data_management,False
4760663,05/12/2026-4760663,ClickHouse: From Human to Agents,,1:30 - 1:50 PM,"Tuesday, May 12",05/12/2026,"Theater 1, Exhibit Showcase, Level 0",,False,False,False,,False,False,False,False,default,/BIE27I/sessiondetails/4760663,agentic_ai,False
4526914,05/12/2026-4526914,CDAO Circle Leadership Exchange: The CDAO’s Blueprint for Leading Enterprise-Wide Transformation in the Age of AI,"Nate Novosel, Anurag Raj, Lulu Wang",2:00 - 3:30 PM,"Tuesday, May 12",05/12/2026,,,False,False,True,Exclusive,True,False,True,False,inactive,/BIE27I/sessiondetails/4526914,ai_strategy,False
4461269,05/12/2026-4461269,CDAO Circle Roundtable: Updating Your Organizational Structures to Maximize Value (Multi-group),"Ian Bertram, Alan D. Duncan, Brian Foster",2:00 - 2:45 PM,"Tuesday, May 12",05/12/2026,,,False,False,True,Exclusive,False,False,True,False,inactive,/BIE27I/sessiondetails/4461269,ai_strategy,False
4458757,05/12/2026-4458757,Crossroads Debate: GenAI Build vs. Buy,"Sumit Agarwal, Kjell Carlsson",2:00 - 2:30 PM,"Tuesday, May 12",05/12/2026,"Capital Suite 9, Level 3",,False,True,False,Recommended,True,True,True,False,default,/BIE27I/sessiondetails/4458757,generative_ai,False
4461279,05/12/2026-4461279,Data Management Reference Architecture to Support AI-Ready Data,Ramke Ramakrishnan,2:00 - 2:30 PM,"Tuesday, May 12",05/12/2026,"Maritime Suite 26, Level 3",,True,True,False,Recommended; Attended,True,True,True,True,added,/BIE27I/sessiondetails/4461279,data_management,False
4526915,05/12/2026-4526915,DataOps: Delivering Operational Excellence in Data Management,Aaron Rosenbaum,2:00 - 2:30 PM,"Tuesday, May 12",05/12/2026,"Capital Suite 10, Level 3",,False,False,False,,True,True,True,False,default,/BIE27I/sessiondetails/4526915,data_management,False
4533953,05/12/2026-4533953,Emerging Solutions for Decision Intelligence,Alys Woodward,2:00 - 2:30 PM,"Tuesday, May 12",05/12/2026,"Capital Suite 15, Level 3",,False,False,False,,True,True,True,True,added,/BIE27I/sessiondetails/4533953,analytics_bi,False
4459907,05/12/2026-4459907,Gartner's Most Maverick D&A and AI Predictions,Frank Buytendijk,2:00 - 2:30 PM,"Tuesday, May 12",05/12/2026,"Auditorium, Level 0",,False,False,False,,True,True,True,True,added,/BIE27I/sessiondetails/4459907,trends_ethics,False
4459897,05/12/2026-4459897,How to Unlock the Value of Unstructured Data for AI: Start With Governing It First,Mark Beyer,2:00 - 2:30 PM,"Tuesday, May 12",05/12/2026,"Maritime Suite 9, Level 3",,False,False,False,,True,True,True,False,default,/BIE27I/sessiondetails/4459897,governance,False
4461286,05/12/2026-4461286,"Hype Cycle for Generative AI, 2025",Afraz Jaffri,2:00 - 2:20 PM,"Tuesday, May 12",05/12/2026,"Theater 1, Exhibit Showcase, Level 0",,False,False,False,,True,False,True,False,default,/BIE27I/sessiondetails/4461286,generative_ai,False
4459888,05/12/2026-4459888,Magic Quadrant Power Session: Data Integration Tools and Metadata Management Solutions,Ehtisham Zaidi,2:00 - 2:30 PM,"Tuesday, May 12",05/12/2026,"Maritime Suite 11, Level 3",,False,False,False,,True,True,True,False,default,/BIE27I/sessiondetails/4459888,data_management,False
4459906,05/12/2026-4459906,Maturity Matters: Design the AI Organization Fit for Purpose,Jorg Heizenberg,2:00 - 2:30 PM,"Tuesday, May 12",05/12/2026,"Maritime Suite 24, Level 3",,False,True,False,Recommended,True,True,True,True,added,/BIE27I/sessiondetails/4459906,ai_strategy,False
4760629,05/12/2026-4760629,Boomi: Beyond Insights — Activating Trusted Data for the Age of Agentic AI,Taylor McGrath,3:00 - 3:30 PM,"Tuesday, May 12",05/12/2026,"Capital Suite 9, Level 3",,False,False,False,,True,True,True,False,default,/BIE27I/sessiondetails/4760629,agentic_ai,False
4951230,05/12/2026-4951230,"CDAO Boardroom: Scaling AI for Enterprise Value: Navigating Sovereignty, Cost, Control and Agentic AI Reliability, moderated by Oracle","Nipun Agarwal, Andrew Bond, Oscar Colino",3:00 - 3:45 PM,"Tuesday, May 12",05/12/2026,,,False,False,True,Exclusive,False,False,True,False,inactive,/BIE27I/sessiondetails/4951230,agentic_ai,False
4760625,05/12/2026-4760625,DataHub: How OVO Energy uses DataHub Context to automate Data Governance,"Alex Craciun, Swaroop Jagadish",3:00 - 3:30 PM,"Tuesday, May 12",05/12/2026,"Maritime Suite 9, Level 3",,False,False,False,,False,True,True,False,default,/BIE27I/sessiondetails/4760625,data_management,False
4760628,05/12/2026-4760628,Denodo: No More Lake Rebuilds. BNP Paribas’ Zero-Copy Model.,Bruno MICAELLI,3:00 - 3:30 PM,"Tuesday, May 12",05/12/2026,"Capital Suite 10, Level 3",,False,False,False,,False,True,True,False,default,/BIE27I/sessiondetails/4760628,data_management,False
4760623,05/12/2026-4760623,InterSystems: Data Fabrics for AI — A Live Demo of Governed Multi-Agent Intelligence,"Carmen Logue, lorna Mcarthur, Gokhan Uluderya",3:00 - 3:30 PM,"Tuesday, May 12",05/12/2026,"Maritime Suite 24, Level 3",,False,False,False,,False,True,True,True,added,/BIE27I/sessiondetails/4760623,data_management,False
4760624,05/12/2026-4760624,Monte Carlo: Applying Toyota Production System Principles to Trusted Data & AI,Thierry Martin,3:00 - 3:30 PM,"Tuesday, May 12",05/12/2026,"Capital Suite 15, Level 3",,False,False,False,,False,True,True,False,default,/BIE27I/sessiondetails/4760624,governance,False
4760619,05/12/2026-4760619,Salesforce: Go from Seeing to Doing with Agentic Analytics in Tableau,Matthew Littlefield,3:00 - 3:30 PM,"Tuesday, May 12",05/12/2026,"Auditorium, Level 0",,False,False,False,,False,False,True,False,default,/BIE27I/sessiondetails/4760619,analytics_bi,False
4760626,05/12/2026-4760626,ServiceNow: Agent-Ready Data and Governance at Enterprise Scale with WPP,"Derek Birdsong, Mircea Danciulescu, Juan Sequeda",3:00 - 3:30 PM,"Tuesday, May 12",05/12/2026,"Maritime Suite 11, Level 3",,True,False,False,Attended,False,False,True,True,added,/BIE27I/sessiondetails/4760626,data_management,False
4760627,05/12/2026-4760627,Snowflake: From Insight to Action — Agentic AI in Modern Pharma Analytics,"Robert Christmas, Fawad Qureshi",3:00 - 3:30 PM,"Tuesday, May 12",05/12/2026,"Maritime Suite 26, Level 3",,False,False,False,,False,True,True,False,default,/BIE27I/sessiondetails/4760627,agentic_ai,False
4459909,05/12/2026-4459909,Signature Series: Top Data and Analytics Predictions for 2026,Rita Sallam,4:00 - 4:30 PM,"Tuesday, May 12",05/12/2026,"Auditorium, Level 0",,True,False,False,Attended,True,True,True,True,added,/BIE27I/sessiondetails/4459909,trends_ethics,False
4459898,05/12/2026-4459898,5 Things That Cause Sleepless Nights for Heads of Governance,Stephen Kennedy,4:00 - 4:30 PM,"Tuesday, May 12",05/12/2026,"Capital Suite 9, Level 3",,False,False,False,,True,True,True,False,default,/BIE27I/sessiondetails/4459898,governance,False
4461274,05/12/2026-4461274,CDAO Circle Leadership Exchange: Let’s Talk About Measuring the True Cost of Agentic AI,"Abed Ajraou, Kjell Carlsson",4:00 - 5:00 PM,"Tuesday, May 12",05/12/2026,,,False,False,True,Exclusive,True,False,True,False,inactive,/BIE27I/sessiondetails/4461274,agentic_ai,False
4723122,05/12/2026-4723122,CDAO Circle Peer Meetup: Elevating Digital Literacy Across Organizations,,4:00 - 4:45 PM,"Tuesday, May 12",05/12/2026,,,False,False,True,Exclusive,False,False,False,False,inactive,/BIE27I/sessiondetails/4723122,culture_people,False
4460715,05/12/2026-4460715,Establish AnalyticsOps to Scale and Govern Analytics in the GenAI Era,Diarmuid Curran,4:00 - 4:30 PM,"Tuesday, May 12",05/12/2026,"Capital Suite 15, Level 3",,False,False,False,,True,True,True,False,default,/BIE27I/sessiondetails/4460715,analytics_bi,False
4459908,05/12/2026-4459908,How to Design an Effective D&A Operating Model,Alan D. Duncan,4:00 - 4:30 PM,"Tuesday, May 12",05/12/2026,"Maritime Suite 26, Level 3",,False,False,False,,True,True,True,True,added,/BIE27I/sessiondetails/4459908,ai_strategy,False
4458771,05/12/2026-4458771,"Streamline Data Quality, MDM, and Data Governance to Achieve More with Less",Divya Radhakrishnan,4:00 - 4:30 PM,"Tuesday, May 12",05/12/2026,"Capital Suite 10, Level 3",,False,False,False,,True,True,True,False,default,/BIE27I/sessiondetails/4458771,data_quality,False
4459881,05/12/2026-4459881,What Is the AI Leader's Role in an AI-First Enterprise?,Erick Brethenoux,4:00 - 4:30 PM,"Tuesday, May 12",05/12/2026,"Maritime Suite 24, Level 3",,False,False,False,,True,True,True,True,added,/BIE27I/sessiondetails/4459881,ai_strategy,False
4459890,05/12/2026-4459890,Who Owns Data Management in a World of Decentralization?,Mark Beyer,4:00 - 4:30 PM,"Tuesday, May 12",05/12/2026,"Maritime Suite 9, Level 3",,False,False,False,,True,True,True,False,default,/BIE27I/sessiondetails/4459890,data_management,False
4511190,05/12/2026-4511190,Refreshment Break,,4:30 - 5:15 PM,"Tuesday, May 12",05/12/2026,"Exhibit Showcase, Level 0",,False,False,False,,False,False,False,False,default,/BIE27I/sessiondetails/4511190,culture_people,True
4760657,05/12/2026-4760657,Oracle: Building Enterprise AI — From Data Foundation to Real-Time Decisions,"Nipun Agarwal, Brendan Doyle, Isabelle Nuage",4:40 - 5:00 PM,"Tuesday, May 12",05/12/2026,"Theater 1, Exhibit Showcase, Level 0",,True,False,False,Attended,False,False,True,True,added,/BIE27I/sessiondetails/4760657,data_management,False
4760670,05/12/2026-4760670,Qlik: AI in Action: Live Demo,Thomas Gorr,4:40 - 5:00 PM,"Tuesday, May 12",05/12/2026,"Theater 2, Exhibit Showcase, Level 0",,False,False,False,,False,False,True,False,default,/BIE27I/sessiondetails/4760670,agentic_ai,False
4760666,05/12/2026-4760666,SAS: AI Governance — Safeguarding Trust While Accelerating Innovation,Kyriakos Fistos,4:40 - 5:00 PM,"Tuesday, May 12",05/12/2026,"Theater 3, Exhibit Showcase, Level 0",,False,False,False,,False,False,True,False,default,/BIE27I/sessiondetails/4760666,governance,False
4510955,05/12/2026-4510955,Guest Keynote: Navigating the Multi-Generational Workplace,Dr. Paul Redmond,5:15 - 6:00 PM,"Tuesday, May 12",05/12/2026,"Auditorium, Level 0",Remote Viewing: 1 Location,True,False,False,Attended,True,True,True,True,added,/BIE27I/sessiondetails/4510955,culture_people,False
4512311,05/12/2026-4512311,Exhibit Showcase Networking Reception,,6:00 - 7:00 PM,"Tuesday, May 12",05/12/2026,"Exhibit Showcase, Level 0",,False,False,False,,False,False,False,False,default,/BIE27I/sessiondetails/4512311,culture_people,True
4760646,05/12/2026-4760646,Microsoft: Power Trusted Enterprise AI with Copilot and Fabric IQ,Mark Pryce-Maher,6:10 - 6:30 PM,"Tuesday, May 12",05/12/2026,"Theater 1, Exhibit Showcase, Level 0",,False,False,False,,False,False,True,False,default,/BIE27I/sessiondetails/4760646,generative_ai,False
4760676,05/12/2026-4760676,Pyramid Analytics: Embed or Die! The New Rules of Embedding for Impact,Kelly Lu Murray,6:10 - 6:30 PM,"Tuesday, May 12",05/12/2026,"Theater 2, Exhibit Showcase, Level 0",,False,False,False,,False,False,True,False,default,/BIE27I/sessiondetails/4760676,analytics_bi,False
4512301,05/13/2026-4512301,Registration and Information,,8:00 AM - 4:00 PM,"Wednesday, May 13",05/13/2026,"Anchor, Level 0",,False,False,False,,False,False,False,False,default,/BIE27I/sessiondetails/4512301,culture_people,True
4512660,05/13/2026-4512660,Exclusive Member Lounge,,8:00 AM - 3:45 PM,"Wednesday, May 13",05/13/2026,"Maritime Suite 12, Level 3",,False,False,False,,False,False,False,False,default,/BIE27I/sessiondetails/4512660,culture_people,True
4512307,05/13/2026-4512307,Exhibit Showcase Open Hours,,8:00 AM - 2:30 PM,"Wednesday, May 13",05/13/2026,"Exhibit Showcase, Level 0",,False,False,False,,False,False,False,False,default,/BIE27I/sessiondetails/4512307,governance,True
4512657,05/13/2026-4512657,Gartner Showcase,,8:00 AM - 3:45 PM,"Wednesday, May 13",05/13/2026,"Boulevard, Level 3",,False,False,False,,False,False,False,False,default,/BIE27I/sessiondetails/4512657,ai_strategy,True
4510956,05/13/2026-4510956,Guest Keynote: No Rules Rules: Developing a Culture that Breeds Innovation and Flexibility,Erin Meyer,9:00 - 9:45 AM,"Wednesday, May 13",05/13/2026,"Auditorium, Level 0",Remote Viewing: 1 Location,False,False,False,,True,True,True,True,added,/BIE27I/sessiondetails/4510956,culture_people,False
4512678,05/13/2026-4512678,Exclusive Member Networking Break,,9:45 - 10:30 AM,"Wednesday, May 13",05/13/2026,"Maritime Suite 12, Level 3",,False,False,False,,False,False,False,False,default,/BIE27I/sessiondetails/4512678,culture_people,True
4511193,05/13/2026-4511193,Refreshment Break,,9:45 - 10:30 AM,"Wednesday, May 13",05/13/2026,"Exhibit Showcase, Level 0",,False,False,False,,False,False,False,False,default,/BIE27I/sessiondetails/4511193,culture_people,True
4707612,05/13/2026-4707612,"Exclusive Member Book Signing with Erin Meyer (Please note that quantities are limited, and participation will be first come, first serve)",Erin Meyer,10:00 - 10:30 AM,"Wednesday, May 13",05/13/2026,"Maritime Suite 15, Level 3",,False,False,False,,False,False,True,False,default,/BIE27I/sessiondetails/4707612,culture_people,False
4760671,05/13/2026-4760671,Medidata: How to Orchestrate Scalable Clinical Development for AI-Ready Life Sciences,"Alastair Clewlow, Wayne Walker",10:00 - 10:20 AM,"Wednesday, May 13",05/13/2026,"Theater 2, Exhibit Showcase, Level 0",,False,False,False,,False,False,True,False,default,/BIE27I/sessiondetails/4760671,data_management,False
4828813,05/13/2026-4828813,One Data: Why Migrations Like SAP BW Are Your Chance to Succeed with AI-Ready Data,Andreas Böhm,10:00 - 10:20 AM,"Wednesday, May 13",05/13/2026,"Theater 3, Exhibit Showcase, Level 0",,False,False,False,,False,False,True,False,default,/BIE27I/sessiondetails/4828813,data_management,False
4760672,05/13/2026-4760672,Sifflet: The Context Crisis — Why Your Data Stack Understands Syntax But Not Semantics,Laura Malins,10:00 - 10:20 AM,"Wednesday, May 13",05/13/2026,"Theater 1, Exhibit Showcase, Level 0",,True,False,False,Attended,False,False,True,True,added,/BIE27I/sessiondetails/4760672,data_management,False
4459910,05/13/2026-4459910,Signature Series: Get Ready For Data and Analytics 2030,Rita Sallam,10:30 - 11:00 AM,"Wednesday, May 13",05/13/2026,"Auditorium, Level 0",,True,False,False,Attended,True,True,True,True,added,/BIE27I/sessiondetails/4459910,trends_ethics,False
4514960,05/13/2026-4514960,Accelerating AI Value With Robust Metrics Frameworks,Christopher Long,10:30 - 11:00 AM,"Wednesday, May 13",05/13/2026,"Maritime Suite 9, Level 3",,False,False,False,,True,True,True,False,default,/BIE27I/sessiondetails/4514960,ai_value,False
4529745,05/13/2026-4529745,Better Benchmarking with Gartner's D&A Budget & Efficiency Benchmark,Brian Foster,10:30 - 11:00 AM,"Wednesday, May 13",05/13/2026,"Maritime Suite 11, Level 3",,False,False,False,,True,True,True,True,added,/BIE27I/sessiondetails/4529745,data_management,False
4461275,05/13/2026-4461275,CDAO Circle Leadership Exchange: Let's Talk How You Successfully Invest in Foundations to Grow Organizational Value,"Ludovic Veale, Lulu Wang",10:30 - 11:30 AM,"Wednesday, May 13",05/13/2026,,,False,False,True,Exclusive,False,False,True,False,inactive,/BIE27I/sessiondetails/4461275,ai_strategy,False
4723131,05/13/2026-4723131,CDAO Circle Peer Meetup: Creating and Sustaining a Top-Performing Team,,10:30 - 11:15 AM,"Wednesday, May 13",05/13/2026,,,False,False,True,Exclusive,False,False,False,False,inactive,/BIE27I/sessiondetails/4723131,culture_people,False
4512648,05/13/2026-4512648,"Executive Story: Engineering an AI Ready Government: Data Foundations, Ethics, and System Level Transformation",Shruti Kohli,10:30 - 11:00 AM,"Wednesday, May 13",05/13/2026,"Capital Suite 15, Level 3",,False,False,False,,False,True,True,False,default,/BIE27I/sessiondetails/4512648,governance,False
4526882,05/13/2026-4526882,Generative AI’s Invisible Undercurrents: 10 Blind Spots CDAOs Aren’t Watching but Should,Leinar Ramos,10:30 - 11:00 AM,"Wednesday, May 13",05/13/2026,"Maritime Suite 24, Level 3",,False,False,False,,True,True,True,False,default,/BIE27I/sessiondetails/4526882,generative_ai,False
4461277,05/13/2026-4461277,Panel Discussion: Evaluating Your Strategic Data Management Platform Choices,"Daniel Cota, Roxane Edjlali, Robert Thanaraj, Ehtisham Zaidi",10:30 - 11:00 AM,"Wednesday, May 13",05/13/2026,"Capital Suite 10, Level 3",,False,True,False,Recommended,True,True,True,False,default,/BIE27I/sessiondetails/4461277,data_management,False
4459903,05/13/2026-4459903,Thought Leadership Theater: The Future of Data-Driven Is Autonomous Business,Frank Buytendijk,10:30 - 10:50 AM,"Wednesday, May 13",05/13/2026,"Theater 1, Exhibit Showcase, Level 0",,False,True,False,Recommended,True,False,True,False,default,/BIE27I/sessiondetails/4459903,ai_strategy,False
4459899,05/13/2026-4459899,Tips for Building a Strong Case for MDM,Sally Parker,10:30 - 11:00 AM,"Wednesday, May 13",05/13/2026,"Capital Suite 9, Level 3",,False,False,False,,True,True,True,False,default,/BIE27I/sessiondetails/4459899,data_quality,False
4760630,05/13/2026-4760630,Acceldata: Agentic Data Management in Action - The Rewrite Has Begun,Mahesh Kumar,11:30 AM - 12:00 PM,"Wednesday, May 13",05/13/2026,"Maritime Suite 26, Level 3",,False,False,False,,False,True,True,False,default,/BIE27I/sessiondetails/4760630,data_management,False
4955833,05/13/2026-4955833,"Alteryx: How UBS Unlocks AI Value: Practical, Governed AI for Every User","Giuseppe Cascone, Andy Scholick",11:30 AM - 12:00 PM,"Wednesday, May 13",05/13/2026,"Capital Suite 15, Level 3",,True,False,False,Attended,False,False,True,True,added,/BIE27I/sessiondetails/4955833,governance,False
4899507,05/13/2026-4899507,Ataccama: AI at Scale Starts at the Source: Building A Producer–Consumer Model for Trusted Data,"Kiran Bal, Joe Merrett",11:30 AM - 12:00 PM,"Wednesday, May 13",05/13/2026,"Maritime Suite 9, Level 3",,False,False,False,,True,False,True,False,default,/BIE27I/sessiondetails/4899507,data_quality,False
4760634,05/13/2026-4760634,Quest Software: Delivering Trusted Data Products at AI Speed - A Tokio Marine HCC Blueprint,"Susan Laine, Kevin Smith",11:30 AM - 12:00 PM,"Wednesday, May 13",05/13/2026,"Capital Suite 10, Level 3",,False,False,False,,False,True,True,False,default,/BIE27I/sessiondetails/4760634,governance,False
4760631,05/13/2026-4760631,Tamr: AI-Native MDM Real-World Case Study – From Fragmented Systems to Trusted Data,"Anthony Deighton, Glenn Hall",11:30 AM - 12:00 PM,"Wednesday, May 13",05/13/2026,"Maritime Suite 11, Level 3",,False,False,False,,True,True,True,False,default,/BIE27I/sessiondetails/4760631,data_quality,False
4792672,05/13/2026-4792672,Teradata: Scaling Agentic Data Automation at UniCredit,"Jean-Charles Ravon, Martin Willcox",11:30 AM - 12:00 PM,"Wednesday, May 13",05/13/2026,"Capital Suite 9, Level 3",,False,False,False,,False,False,True,True,added,/BIE27I/sessiondetails/4792672,agentic_ai,False
4828750,05/13/2026-4828750,ThoughtSpot: How Grant Thornton is Scaling AI-Driven Audit Innovation,,11:30 AM - 12:00 PM,"Wednesday, May 13",05/13/2026,"Maritime Suite 24, Level 3",,False,False,False,,False,True,False,False,default,/BIE27I/sessiondetails/4828750,agentic_ai,False
4512256,05/13/2026-4512256,"Grab Lunch at Harbour 5, Docklands or the Grab 'n' Go Café in Exhibit Showcase",,12:00 - 1:45 PM,"Wednesday, May 13",05/13/2026,"Harbour 5, Level 0 & Docklands, Level 1",,False,False,False,,False,False,False,False,default,/BIE27I/sessiondetails/4512256,culture_people,True
4459911,05/13/2026-4459911,Beyond Data-Driven: How to Power the AI-First Enterprise,Alan D. Duncan,12:15 - 12:45 PM,"Wednesday, May 13",05/13/2026,"Maritime Suite 9, Level 3",,False,True,False,Recommended,True,True,True,True,added,/BIE27I/sessiondetails/4459911,ai_strategy,False
4459891,05/13/2026-4459891,How to Build and Manage Data Products Efficiently: Technology and Architecture Perspectives,Lydia Ferguson,12:15 - 12:45 PM,"Wednesday, May 13",05/13/2026,"Maritime Suite 26, Level 3",,False,False,False,,True,True,True,True,added,/BIE27I/sessiondetails/4459891,data_management,False
4723082,05/13/2026-4723082,How to Build the Context Layer for Reliable AI Agents,Andrés García-Rodeja,12:15 - 12:45 PM,"Wednesday, May 13",05/13/2026,"Maritime Suite 24, Level 3",,False,False,False,,True,True,True,True,added,/BIE27I/sessiondetails/4723082,agentic_ai,False
4526855,05/13/2026-4526855,Magic Quadrant Power Session: Data and Analytics Governance and Augmented Data Quality,Guido De Simoni,12:15 - 12:45 PM,"Wednesday, May 13",05/13/2026,"Maritime Suite 11, Level 3",,False,True,False,Recommended,True,True,True,True,added,/BIE27I/sessiondetails/4526855,governance,False
4740522,05/13/2026-4740522,"Maverick Insight: Treat AI as a ""Prescription-Only"" Controlled Substance to Prioritize Access and Use",Daryl Plummer,12:15 - 12:45 PM,"Wednesday, May 13",05/13/2026,"Capital Suite 15, Level 3",,False,False,False,,True,True,True,False,default,/BIE27I/sessiondetails/4740522,governance,False
4459892,05/13/2026-4459892,The Evolution of Data Integration: Best Practices and Technology Trends,Robert Thanaraj,12:15 - 12:45 PM,"Wednesday, May 13",05/13/2026,"Capital Suite 9, Level 3",,False,False,False,,True,True,True,True,added,/BIE27I/sessiondetails/4459892,data_management,False
4760667,05/13/2026-4760667,Dremio: Self-Determination — Protect Europe's data with Sovereign Cloud & Data Mgmt,"Mark Brinkmann, Yassine Faihe",12:25 - 12:45 PM,"Wednesday, May 13",05/13/2026,"Theater 3, Exhibit Showcase, Level 0",,False,False,False,,False,False,True,False,default,/BIE27I/sessiondetails/4760667,data_management,False
4760674,05/13/2026-4760674,Senzing Inc: Identity Intelligence — The Missing Context Layer That Multiplies Your Agentic AI ROI,"Dr. Gurpinder Dhillon, Martin Waudby",12:25 - 12:45 PM,"Wednesday, May 13",05/13/2026,"Theater 1, Exhibit Showcase, Level 0",,False,False,False,,False,False,True,False,default,/BIE27I/sessiondetails/4760674,agentic_ai,False
4760668,05/13/2026-4760668,Simba Intelligence: AI Has a Production Data Problem. Here’s How Teams Are Solving It,Shawhin Mosadeghzad,12:25 - 12:45 PM,"Wednesday, May 13",05/13/2026,"Theater 2, Exhibit Showcase, Level 0",,True,False,False,Attended,False,False,True,True,added,/BIE27I/sessiondetails/4760668,data_management,False
4603412,05/13/2026-4603412,"CDAO Circle Lunch: Fireside Chat with Erin Meyer – No Rules Rules for Data, Analytics and AI Leaders",Erin Meyer,12:45 - 1:45 PM,"Wednesday, May 13",05/13/2026,,,False,False,True,Exclusive,False,False,True,False,inactive,/BIE27I/sessiondetails/4603412,ai_strategy,True
4760669,05/13/2026-4760669,MongoDB: Make Every Developer an AI Developer — The jQuery Moment for AI,,12:50 - 1:10 PM,"Wednesday, May 13",05/13/2026,"Theater 3, Exhibit Showcase, Level 0",,False,False,False,,False,False,False,False,default,/BIE27I/sessiondetails/4760669,ai_strategy,False
4904472,05/13/2026-4904472,dbt Labs: How Aviva Built a Data Platform to Power the Next Generation of Insurance,Niall Scott,12:50 - 1:10 PM,"Wednesday, May 13",05/13/2026,"Theater 1, Exhibit Showcase, Level 0",,True,False,False,Attended,False,False,True,True,added,/BIE27I/sessiondetails/4904472,data_management,False
4928879,05/13/2026-4928879,Informatica: From Chaos to Context — Creating a Trusted Data Foundation for the Generative AI-era,"Marielle Verschoor, Robert Whitaker",1:15 - 1:35 PM,"Wednesday, May 13",05/13/2026,"Theater 1, Exhibit Showcase, Level 0",,True,False,False,Attended,False,False,True,True,added,/BIE27I/sessiondetails/4928879,data_management,False
4837051,05/13/2026-4837051,APGAR: AI in Action - Transforming Supply Chain Planning at Logoplaste,"Bernardo Dias, Alaa Hoblos",1:45 - 2:15 PM,"Wednesday, May 13",05/13/2026,"Capital Suite 15, Level 3",,False,False,False,,True,True,True,False,default,/BIE27I/sessiondetails/4837051,ai_strategy,False
4760635,05/13/2026-4760635,Astronomer: Operational Data Maturity - What Separates AI Leaders with Geodis,"Delio Amato, Steven Hillion",1:45 - 2:15 PM,"Wednesday, May 13",05/13/2026,"Maritime Suite 9, Level 3",,False,False,False,,True,False,True,False,default,/BIE27I/sessiondetails/4760635,data_management,False
4861218,05/13/2026-4861218,Couchbase: Building a Trusted Data Foundation for the Agent Era,Chris Bridgland,1:45 - 2:15 PM,"Wednesday, May 13",05/13/2026,"Capital Suite 9, Level 3",,False,False,False,,True,True,True,False,default,/BIE27I/sessiondetails/4861218,agentic_ai,False
4928974,05/13/2026-4928974,Pyramid Analytics: Pyramid from ServiceNow+StackIt Sovereign Cloud -How To Take Back Control of Your Data,"Lars Tams, Bernd Wagner, Peter Walker",1:45 - 2:15 PM,"Wednesday, May 13",05/13/2026,"Maritime Suite 24, Level 3",,False,False,False,,False,True,True,False,default,/BIE27I/sessiondetails/4928974,data_management,False
4958074,05/13/2026-4958074,Sigma: Reimagining BI - How Jefferies Scaled Self-Service Analytics with Sigma,"Derek Quaye, Elly Suyanti",1:45 - 2:15 PM,"Wednesday, May 13",05/13/2026,"Maritime Suite 26, Level 3",,False,False,False,,False,False,True,False,default,/BIE27I/sessiondetails/4958074,analytics_bi,False
4873024,05/13/2026-4873024,Zenlytic: Analytics Agents Are Easy to Build. Trust Isn't,"James Elmore, Drew Goulart",1:45 - 2:15 PM,"Wednesday, May 13",05/13/2026,"Capital Suite 10, Level 3",,False,False,False,,False,True,True,True,added,/BIE27I/sessiondetails/4873024,agentic_ai,False
4760636,05/13/2026-4760636,Zensar: Scaling AI and Digital Strategy in Modern Insurance - NFU Mutual Case study,"William Fensom, Stuart Gaffney, Vishal Verma",1:45 - 2:15 PM,"Wednesday, May 13",05/13/2026,"Maritime Suite 11, Level 3",,False,False,False,,False,False,True,False,default,/BIE27I/sessiondetails/4760636,ai_strategy,False
4461254,05/13/2026-4461254,Beyond the Hype: AI's Impact on Headcount and Business Value,Frances Karamouzis,2:30 - 3:00 PM,"Wednesday, May 13",05/13/2026,"Maritime Suite 9, Level 3",,False,False,False,,True,True,True,True,added,/BIE27I/sessiondetails/4461254,ai_value,False
4461276,05/13/2026-4461276,CDAO Circle Leadership Exchange: Let’s Talk About Governing AI and Data At Scale,"Søren Krohn, Lulu Wang",2:30 - 3:30 PM,"Wednesday, May 13",05/13/2026,,,False,False,True,Exclusive,False,False,True,False,inactive,/BIE27I/sessiondetails/4461276,governance,False
4461270,05/13/2026-4461270,CDAO Circle Roundtable: Redefining D&A and AI Governance (Multi-group),"Ian Bertram, Lauren Kornutick, Anurag Raj",2:30 - 3:15 PM,"Wednesday, May 13",05/13/2026,,,False,False,True,Exclusive,True,False,True,False,inactive,/BIE27I/sessiondetails/4461270,governance,False
4459913,05/13/2026-4459913,"Journey for Realizing Value From Data, Analytics and AI",Sarah James,2:30 - 3:00 PM,"Wednesday, May 13",05/13/2026,"Maritime Suite 11, Level 3",,False,False,False,,True,True,True,True,added,/BIE27I/sessiondetails/4459913,ai_value,False
4459900,05/13/2026-4459900,Optimize Costs by Rationalizing Your Technology Stack for D&A Governance Programs,Divya Radhakrishnan,2:30 - 3:00 PM,"Wednesday, May 13",05/13/2026,"Capital Suite 15, Level 3",,False,True,False,Recommended,True,True,True,True,added,/BIE27I/sessiondetails/4459900,governance,False
4459886,05/13/2026-4459886,The Forgotten Art of Data Science in AI,Afraz Jaffri,2:30 - 3:00 PM,"Wednesday, May 13",05/13/2026,"Capital Suite 9, Level 3",,False,False,False,,True,True,True,True,added,/BIE27I/sessiondetails/4459886,ai_strategy,False
4459893,05/13/2026-4459893,Unstructured Data Management Is the Missing Ingredient to Prepare GenAI-Ready Data,Jason Medd,2:30 - 3:00 PM,"Wednesday, May 13",05/13/2026,"Capital Suite 10, Level 3",,True,False,False,Attended,True,True,True,True,added,/BIE27I/sessiondetails/4459893,data_management,False
4459884,05/13/2026-4459884,Data Storytelling in the Realm of Generative AI,Jeroen Cornelissen,3:15 - 3:45 PM,"Wednesday, May 13",05/13/2026,"Capital Suite 9, Level 3",,False,False,False,,True,True,True,True,added,/BIE27I/sessiondetails/4459884,generative_ai,False
4459914,05/13/2026-4459914,Designing the Future Ready Data & Analytics Organization for Agility and Consistency,Jorg Heizenberg,3:15 - 3:45 PM,"Wednesday, May 13",05/13/2026,"Maritime Suite 9, Level 3",,True,False,False,Attended,True,True,True,True,added,/BIE27I/sessiondetails/4459914,ai_strategy,False
4461255,05/13/2026-4461255,Fueling Smarter AI: Unlocking the Power of External Data,Kevin Quinn,3:15 - 3:45 PM,"Wednesday, May 13",05/13/2026,"Maritime Suite 11, Level 3",,False,False,False,,True,True,True,True,added,/BIE27I/sessiondetails/4461255,data_management,False
4459894,05/13/2026-4459894,"Leading the AI Data Revolution: Roadmap to Agentic Management with Python, Spark & Open Tables",Aaron Rosenbaum,3:15 - 3:45 PM,"Wednesday, May 13",05/13/2026,"Capital Suite 10, Level 3",,False,False,False,,True,True,True,True,added,/BIE27I/sessiondetails/4459894,data_management,False
4459901,05/13/2026-4459901,Powering AI Value Without Powering Down Sustainability,Pieter den Hamer,3:15 - 3:45 PM,"Wednesday, May 13",05/13/2026,"Capital Suite 15, Level 3",,False,True,False,Recommended,True,True,True,False,default,/BIE27I/sessiondetails/4459901,ai_value,False
